HOSPITAL;AÑO;MES;SERVICIO;FINANCIADOR;ALTAS;COSTE_UNIDAD;COSTES;TARIFA_UNIDAD;INGRESOS;RENTABILIDAD
NORTE;2023;1;TRAUMATOLOG�A;ADESLAS;118;9406;1109908;8352;985536;-124372
NORTE;2023;1;TRAUMATOLOG�A;SANITAS;141;8399;1184259;8087;1140267;-43992
NORTE;2023;1;TRAUMATOLOG�A;CASER;124;8658;1073592;8449;1047676;-25916
NORTE;2023;2;TRAUMATOLOG�A;ADESLAS;104;9197;956488;8775;912600;-43888
NORTE;2023;2;TRAUMATOLOG�A;SANITAS;188;7735;1454180;8965;1685420;231240
NORTE;2023;2;TRAUMATOLOG�A;CASER;141;8984;1266744;9042;1274922;8178
NORTE;2023;3;TRAUMATOLOG�A;ADESLAS;127;7647;971169;8315;1056005;84836
NORTE;2023;3;TRAUMATOLOG�A;SANITAS;152;8877;1349304;8790;1336080;-13224
NORTE;2023;3;TRAUMATOLOG�A;CASER;115;7719;887685;8336;958640;70955
NORTE;2023;4;TRAUMATOLOG�A;ADESLAS;160;8389;1342240;7986;1277760;-64480
NORTE;2023;4;TRAUMATOLOG�A;SANITAS;194;7642;1482548;8964;1739016;256468
NORTE;2023;4;TRAUMATOLOG�A;CASER;171;8524;1457604;9463;1618173;160569
NORTE;2023;5;TRAUMATOLOG�A;ADESLAS;117;9433;1103661;8420;985140;-118521
NORTE;2023;5;TRAUMATOLOG�A;SANITAS;177;8899;1575123;8571;1517067;-58056
NORTE;2023;5;TRAUMATOLOG�A;CASER;141;8365;1179465;8349;1177209;-2256
NORTE;2023;6;TRAUMATOLOG�A;ADESLAS;172;7976;1371872;8443;1452196;80324
NORTE;2023;6;TRAUMATOLOG�A;SANITAS;118;7580;894440;7589;895502;1062
NORTE;2023;6;TRAUMATOLOG�A;CASER;125;9488;1186000;9453;1181625;-4375
NORTE;2023;7;TRAUMATOLOG�A;ADESLAS;126;8034;1012284;7786;981036;-31248
NORTE;2023;7;TRAUMATOLOG�A;SANITAS;180;9336;1680480;8995;1619100;-61380
NORTE;2023;7;TRAUMATOLOG�A;CASER;109;7807;850963;8637;941433;90470
NORTE;2023;8;TRAUMATOLOG�A;ADESLAS;101;9085;917585;8639;872539;-45046
NORTE;2023;8;TRAUMATOLOG�A;SANITAS;198;7555;1495890;8892;1760616;264726
NORTE;2023;8;TRAUMATOLOG�A;CASER;172;8687;1494164;8184;1407648;-86516
NORTE;2023;9;TRAUMATOLOG�A;ADESLAS;135;8227;1110645;8187;1105245;-5400
NORTE;2023;9;TRAUMATOLOG�A;SANITAS;184;9004;1656736;8816;1622144;-34592
NORTE;2023;9;TRAUMATOLOG�A;CASER;142;7783;1105186;7772;1103624;-1562
NORTE;2023;10;TRAUMATOLOG�A;ADESLAS;107;9003;963321;7846;839522;-123799
NORTE;2023;10;TRAUMATOLOG�A;SANITAS;167;9303;1553601;8527;1424009;-129592
NORTE;2023;10;TRAUMATOLOG�A;CASER;160;7725;1236000;8655;1384800;148800
NORTE;2023;11;TRAUMATOLOG�A;ADESLAS;158;8041;1270478;8022;1267476;-3002
NORTE;2023;11;TRAUMATOLOG�A;SANITAS;105;8781;922005;8784;922320;315
NORTE;2023;11;TRAUMATOLOG�A;CASER;176;7773;1368048;8255;1452880;84832
NORTE;2023;12;TRAUMATOLOG�A;ADESLAS;133;7728;1027824;8704;1157632;129808
NORTE;2023;12;TRAUMATOLOG�A;SANITAS;188;8729;1641052;7635;1435380;-205672
NORTE;2023;12;TRAUMATOLOG�A;CASER;138;8540;1178520;9277;1280226;101706
NORTE;2023;1;UROLOG�A;ADESLAS;125;7963;995375;8037;1004625;9250
NORTE;2023;1;UROLOG�A;SANITAS;160;8183;1309280;9173;1467680;158400
NORTE;2023;1;UROLOG�A;CASER;199;8201;1631999;7833;1558767;-73232
NORTE;2023;2;UROLOG�A;ADESLAS;138;8251;1138638;8645;1193010;54372
NORTE;2023;2;UROLOG�A;SANITAS;142;9041;1283822;8329;1182718;-101104
NORTE;2023;2;UROLOG�A;CASER;148;8150;1206200;8359;1237132;30932
NORTE;2023;3;UROLOG�A;ADESLAS;199;7548;1502052;9283;1847317;345265
NORTE;2023;3;UROLOG�A;SANITAS;151;8150;1230650;7505;1133255;-97395
NORTE;2023;3;UROLOG�A;CASER;165;8446;1393590;7875;1299375;-94215
NORTE;2023;4;UROLOG�A;ADESLAS;118;8906;1050908;8695;1026010;-24898
NORTE;2023;4;UROLOG�A;SANITAS;101;9482;957682;7520;759520;-198162
NORTE;2023;4;UROLOG�A;CASER;128;8528;1091584;8553;1094784;3200
NORTE;2023;5;UROLOG�A;ADESLAS;110;7652;841720;7606;836660;-5060
NORTE;2023;5;UROLOG�A;SANITAS;102;7749;790398;9235;941970;151572
NORTE;2023;5;UROLOG�A;CASER;158;8229;1300182;8695;1373810;73628
NORTE;2023;6;UROLOG�A;ADESLAS;168;8343;1401624;8686;1459248;57624
NORTE;2023;6;UROLOG�A;SANITAS;108;7547;815076;9322;1006776;191700
NORTE;2023;6;UROLOG�A;CASER;189;9315;1760535;7746;1463994;-296541
NORTE;2023;7;UROLOG�A;ADESLAS;151;8324;1256924;9354;1412454;155530
NORTE;2023;7;UROLOG�A;SANITAS;116;9490;1100840;8980;1041680;-59160
NORTE;2023;7;UROLOG�A;CASER;178;8052;1433256;9008;1603424;170168
NORTE;2023;8;UROLOG�A;ADESLAS;190;9404;1786760;8777;1667630;-119130
NORTE;2023;8;UROLOG�A;SANITAS;138;9067;1251246;9208;1270704;19458
NORTE;2023;8;UROLOG�A;CASER;147;8248;1212456;8380;1231860;19404
NORTE;2023;9;UROLOG�A;ADESLAS;149;9466;1410434;8358;1245342;-165092
NORTE;2023;9;UROLOG�A;SANITAS;198;8806;1743588;9372;1855656;112068
NORTE;2023;9;UROLOG�A;CASER;112;7778;871136;8173;915376;44240
NORTE;2023;10;UROLOG�A;ADESLAS;118;8894;1049492;8038;948484;-101008
NORTE;2023;10;UROLOG�A;SANITAS;101;7916;799516;8296;837896;38380
NORTE;2023;10;UROLOG�A;CASER;172;7520;1293440;7872;1353984;60544
NORTE;2023;11;UROLOG�A;ADESLAS;158;8019;1267002;8079;1276482;9480
NORTE;2023;11;UROLOG�A;SANITAS;103;7523;774869;8229;847587;72718
NORTE;2023;11;UROLOG�A;CASER;112;7666;858592;8563;959056;100464
NORTE;2023;12;UROLOG�A;ADESLAS;127;7871;999617;8440;1071880;72263
NORTE;2023;12;UROLOG�A;SANITAS;192;9130;1752960;8469;1626048;-126912
NORTE;2023;12;UROLOG�A;CASER;111;9469;1051059;8637;958707;-92352
NORTE;2023;1;CIRUG�A GENERAL;ADESLAS;123;8914;1096422;8172;1005156;-91266
NORTE;2023;1;CIRUG�A GENERAL;SANITAS;169;7879;1331551;8798;1486862;155311
NORTE;2023;1;CIRUG�A GENERAL;CASER;110;8550;940500;8825;970750;30250
NORTE;2023;2;CIRUG�A GENERAL;ADESLAS;139;7542;1048338;8440;1173160;124822
NORTE;2023;2;CIRUG�A GENERAL;SANITAS;141;8783;1238403;9022;1272102;33699
NORTE;2023;2;CIRUG�A GENERAL;CASER;159;9463;1504617;9412;1496508;-8109
NORTE;2023;3;CIRUG�A GENERAL;ADESLAS;154;7791;1199814;8477;1305458;105644
NORTE;2023;3;CIRUG�A GENERAL;SANITAS;159;7892;1254828;8468;1346412;91584
NORTE;2023;3;CIRUG�A GENERAL;CASER;118;7615;898570;7613;898334;-236
NORTE;2023;4;CIRUG�A GENERAL;ADESLAS;171;7539;1289169;9489;1622619;333450
NORTE;2023;4;CIRUG�A GENERAL;SANITAS;150;8853;1327950;7820;1173000;-154950
NORTE;2023;4;CIRUG�A GENERAL;CASER;199;7711;1534489;8053;1602547;68058
NORTE;2023;5;CIRUG�A GENERAL;ADESLAS;118;8579;1012322;8591;1013738;1416
NORTE;2023;5;CIRUG�A GENERAL;SANITAS;199;8192;1630208;7734;1539066;-91142
NORTE;2023;5;CIRUG�A GENERAL;CASER;191;7682;1467262;7870;1503170;35908
NORTE;2023;6;CIRUG�A GENERAL;ADESLAS;124;9407;1166468;9013;1117612;-48856
NORTE;2023;6;CIRUG�A GENERAL;SANITAS;190;8102;1539380;7548;1434120;-105260
NORTE;2023;6;CIRUG�A GENERAL;CASER;175;7903;1383025;8259;1445325;62300
NORTE;2023;7;CIRUG�A GENERAL;ADESLAS;191;7899;1508709;8199;1566009;57300
NORTE;2023;7;CIRUG�A GENERAL;SANITAS;145;9118;1322110;8868;1285860;-36250
NORTE;2023;7;CIRUG�A GENERAL;CASER;180;9057;1630260;8215;1478700;-151560
NORTE;2023;8;CIRUG�A GENERAL;ADESLAS;145;9443;1369235;8245;1195525;-173710
NORTE;2023;8;CIRUG�A GENERAL;SANITAS;132;8260;1090320;8530;1125960;35640
NORTE;2023;8;CIRUG�A GENERAL;CASER;179;8697;1556763;8708;1558732;1969
NORTE;2023;9;CIRUG�A GENERAL;ADESLAS;103;8972;924116;8325;857475;-66641
NORTE;2023;9;CIRUG�A GENERAL;SANITAS;114;8459;964326;8801;1003314;38988
NORTE;2023;9;CIRUG�A GENERAL;CASER;195;7563;1474785;9140;1782300;307515
NORTE;2023;10;CIRUG�A GENERAL;ADESLAS;131;7920;1037520;8049;1054419;16899
NORTE;2023;10;CIRUG�A GENERAL;SANITAS;118;7894;931492;9082;1071676;140184
NORTE;2023;10;CIRUG�A GENERAL;CASER;129;7976;1028904;8688;1120752;91848
NORTE;2023;11;CIRUG�A GENERAL;ADESLAS;187;8602;1608574;9159;1712733;104159
NORTE;2023;11;CIRUG�A GENERAL;SANITAS;108;8180;883440;8214;887112;3672
NORTE;2023;11;CIRUG�A GENERAL;CASER;124;8309;1030316;8420;1044080;13764
NORTE;2023;12;CIRUG�A GENERAL;ADESLAS;111;8208;911088;7915;878565;-32523
NORTE;2023;12;CIRUG�A GENERAL;SANITAS;133;7695;1023435;8503;1130899;107464
NORTE;2023;12;CIRUG�A GENERAL;CASER;199;8475;1686525;8485;1688515;1990
NORTE;2022;1;TRAUMATOLOG�A;ADESLAS;172;8989;1546108;8278;1423816;-122292
NORTE;2022;1;TRAUMATOLOG�A;SANITAS;146;9439;1378094;9251;1350646;-27448
NORTE;2022;1;TRAUMATOLOG�A;CASER;167;7569;1264023;7686;1283562;19539
NORTE;2022;2;TRAUMATOLOG�A;ADESLAS;195;8200;1599000;9073;1769235;170235
NORTE;2022;2;TRAUMATOLOG�A;SANITAS;150;9091;1363650;7614;1142100;-221550
NORTE;2022;2;TRAUMATOLOG�A;CASER;160;7542;1206720;8682;1389120;182400
NORTE;2022;3;TRAUMATOLOG�A;ADESLAS;143;8087;1156441;7818;1117974;-38467
NORTE;2022;3;TRAUMATOLOG�A;SANITAS;128;8497;1087616;7514;961792;-125824
NORTE;2022;3;TRAUMATOLOG�A;CASER;159;9077;1443243;8393;1334487;-108756
NORTE;2022;4;TRAUMATOLOG�A;ADESLAS;102;7647;779994;8445;861390;81396
NORTE;2022;4;TRAUMATOLOG�A;SANITAS;139;7716;1072524;7857;1092123;19599
NORTE;2022;4;TRAUMATOLOG�A;CASER;143;8225;1176175;8369;1196767;20592
NORTE;2022;5;TRAUMATOLOG�A;ADESLAS;161;8105;1304905;9349;1505189;200284
NORTE;2022;5;TRAUMATOLOG�A;SANITAS;176;9295;1635920;8620;1517120;-118800
NORTE;2022;5;TRAUMATOLOG�A;CASER;107;7657;819299;7865;841555;22256
NORTE;2022;6;TRAUMATOLOG�A;ADESLAS;185;7818;1446330;9229;1707365;261035
NORTE;2022;6;TRAUMATOLOG�A;SANITAS;133;8127;1080891;7852;1044316;-36575
NORTE;2022;6;TRAUMATOLOG�A;CASER;167;8633;1441711;9024;1507008;65297
NORTE;2022;7;TRAUMATOLOG�A;ADESLAS;169;9467;1599923;9157;1547533;-52390
NORTE;2022;7;TRAUMATOLOG�A;SANITAS;153;7862;1202886;9093;1391229;188343
NORTE;2022;7;TRAUMATOLOG�A;CASER;113;7636;862868;9394;1061522;198654
NORTE;2022;8;TRAUMATOLOG�A;ADESLAS;152;8656;1315712;8762;1331824;16112
NORTE;2022;8;TRAUMATOLOG�A;SANITAS;196;8638;1693048;9463;1854748;161700
NORTE;2022;8;TRAUMATOLOG�A;CASER;132;9196;1213872;9110;1202520;-11352
NORTE;2022;9;TRAUMATOLOG�A;ADESLAS;185;7824;1447440;8648;1599880;152440
NORTE;2022;9;TRAUMATOLOG�A;SANITAS;107;8101;866807;7613;814591;-52216
NORTE;2022;9;TRAUMATOLOG�A;CASER;196;9436;1849456;9205;1804180;-45276
NORTE;2022;10;TRAUMATOLOG�A;ADESLAS;174;8501;1479174;9028;1570872;91698
NORTE;2022;10;TRAUMATOLOG�A;SANITAS;175;9371;1639925;8280;1449000;-190925
NORTE;2022;10;TRAUMATOLOG�A;CASER;118;8980;1059640;9064;1069552;9912
NORTE;2022;11;TRAUMATOLOG�A;ADESLAS;168;9376;1575168;8634;1450512;-124656
NORTE;2022;11;TRAUMATOLOG�A;SANITAS;185;9371;1733635;8048;1488880;-244755
NORTE;2022;11;TRAUMATOLOG�A;CASER;164;8825;1447300;7867;1290188;-157112
NORTE;2022;12;TRAUMATOLOG�A;ADESLAS;180;7505;1350900;8114;1460520;109620
NORTE;2022;12;TRAUMATOLOG�A;SANITAS;188;7759;1458692;8821;1658348;199656
NORTE;2022;12;TRAUMATOLOG�A;CASER;147;8878;1305066;7818;1149246;-155820
NORTE;2022;1;UROLOG�A;ADESLAS;100;9155;915500;7571;757100;-158400
NORTE;2022;1;UROLOG�A;SANITAS;175;8718;1525650;9167;1604225;78575
NORTE;2022;1;UROLOG�A;CASER;159;8651;1375509;8624;1371216;-4293
NORTE;2022;2;UROLOG�A;ADESLAS;105;7742;812910;9493;996765;183855
NORTE;2022;2;UROLOG�A;SANITAS;145;9196;1333420;9047;1311815;-21605
NORTE;2022;2;UROLOG�A;CASER;137;9161;1255057;9236;1265332;10275
NORTE;2022;3;UROLOG�A;ADESLAS;137;7880;1079560;8741;1197517;117957
NORTE;2022;3;UROLOG�A;SANITAS;118;8957;1056926;8915;1051970;-4956
NORTE;2022;3;UROLOG�A;CASER;196;9134;1790264;7770;1522920;-267344
NORTE;2022;4;UROLOG�A;ADESLAS;129;7607;981303;7819;1008651;27348
NORTE;2022;4;UROLOG�A;SANITAS;135;9002;1215270;8959;1209465;-5805
NORTE;2022;4;UROLOG�A;CASER;113;8636;975868;9008;1017904;42036
NORTE;2022;5;UROLOG�A;ADESLAS;183;8324;1523292;9221;1687443;164151
NORTE;2022;5;UROLOG�A;SANITAS;151;7817;1180367;8957;1352507;172140
NORTE;2022;5;UROLOG�A;CASER;102;9150;933300;8746;892092;-41208
NORTE;2022;6;UROLOG�A;ADESLAS;193;9490;1831570;7811;1507523;-324047
NORTE;2022;6;UROLOG�A;SANITAS;122;8745;1066890;9259;1129598;62708
NORTE;2022;6;UROLOG�A;CASER;189;8387;1585143;8174;1544886;-40257
NORTE;2022;7;UROLOG�A;ADESLAS;159;9356;1487604;8699;1383141;-104463
NORTE;2022;7;UROLOG�A;SANITAS;104;8058;838032;8385;872040;34008
NORTE;2022;7;UROLOG�A;CASER;155;8081;1252555;8303;1286965;34410
NORTE;2022;8;UROLOG�A;ADESLAS;164;8523;1397772;7895;1294780;-102992
NORTE;2022;8;UROLOG�A;SANITAS;193;8659;1671187;7594;1465642;-205545
NORTE;2022;8;UROLOG�A;CASER;112;7853;879536;7806;874272;-5264
NORTE;2022;9;UROLOG�A;ADESLAS;111;7627;846597;8647;959817;113220
NORTE;2022;9;UROLOG�A;SANITAS;166;8456;1403696;7816;1297456;-106240
NORTE;2022;9;UROLOG�A;CASER;121;7977;965217;8485;1026685;61468
NORTE;2022;10;UROLOG�A;ADESLAS;101;9414;950814;8087;816787;-134027
NORTE;2022;10;UROLOG�A;SANITAS;197;8058;1587426;7945;1565165;-22261
NORTE;2022;10;UROLOG�A;CASER;157;9488;1489616;8126;1275782;-213834
NORTE;2022;11;UROLOG�A;ADESLAS;126;8365;1053990;8698;1095948;41958
NORTE;2022;11;UROLOG�A;SANITAS;191;7784;1486744;7964;1521124;34380
NORTE;2022;11;UROLOG�A;CASER;102;7584;773568;9069;925038;151470
NORTE;2022;12;UROLOG�A;ADESLAS;113;8434;953042;8765;990445;37403
NORTE;2022;12;UROLOG�A;SANITAS;144;8377;1206288;8389;1208016;1728
NORTE;2022;12;UROLOG�A;CASER;159;8193;1302687;8190;1302210;-477
NORTE;2022;1;CIRUG�A GENERAL;ADESLAS;163;7643;1245809;8663;1412069;166260
NORTE;2022;1;CIRUG�A GENERAL;SANITAS;139;8069;1121591;9206;1279634;158043
NORTE;2022;1;CIRUG�A GENERAL;CASER;149;8666;1291234;8681;1293469;2235
NORTE;2022;2;CIRUG�A GENERAL;ADESLAS;144;7906;1138464;8767;1262448;123984
NORTE;2022;2;CIRUG�A GENERAL;SANITAS;119;8332;991508;8626;1026494;34986
NORTE;2022;2;CIRUG�A GENERAL;CASER;150;7908;1186200;7900;1185000;-1200
NORTE;2022;3;CIRUG�A GENERAL;ADESLAS;193;8744;1687592;8050;1553650;-133942
NORTE;2022;3;CIRUG�A GENERAL;SANITAS;146;8225;1200850;8617;1258082;57232
NORTE;2022;3;CIRUG�A GENERAL;CASER;183;8846;1618818;7971;1458693;-160125
NORTE;2022;4;CIRUG�A GENERAL;ADESLAS;167;8189;1367563;9294;1552098;184535
NORTE;2022;4;CIRUG�A GENERAL;SANITAS;151;8394;1267494;8707;1314757;47263
NORTE;2022;4;CIRUG�A GENERAL;CASER;182;8782;1598324;8022;1460004;-138320
NORTE;2022;5;CIRUG�A GENERAL;ADESLAS;131;8027;1051537;8468;1109308;57771
NORTE;2022;5;CIRUG�A GENERAL;SANITAS;146;8353;1219538;9033;1318818;99280
NORTE;2022;5;CIRUG�A GENERAL;CASER;160;8517;1362720;8959;1433440;70720
NORTE;2022;6;CIRUG�A GENERAL;ADESLAS;103;8619;887757;7899;813597;-74160
NORTE;2022;6;CIRUG�A GENERAL;SANITAS;194;8524;1653656;8612;1670728;17072
NORTE;2022;6;CIRUG�A GENERAL;CASER;106;9442;1000852;8801;932906;-67946
NORTE;2022;7;CIRUG�A GENERAL;ADESLAS;127;8327;1057529;9036;1147572;90043
NORTE;2022;7;CIRUG�A GENERAL;SANITAS;118;8045;949310;8872;1046896;97586
NORTE;2022;7;CIRUG�A GENERAL;CASER;145;9078;1316310;7531;1091995;-224315
NORTE;2022;8;CIRUG�A GENERAL;ADESLAS;105;8893;933765;8667;910035;-23730
NORTE;2022;8;CIRUG�A GENERAL;SANITAS;156;9070;1414920;7859;1226004;-188916
NORTE;2022;8;CIRUG�A GENERAL;CASER;102;8912;909024;8492;866184;-42840
NORTE;2022;9;CIRUG�A GENERAL;ADESLAS;140;7660;1072400;9379;1313060;240660
NORTE;2022;9;CIRUG�A GENERAL;SANITAS;159;9418;1497462;8410;1337190;-160272
NORTE;2022;9;CIRUG�A GENERAL;CASER;185;7657;1416545;8623;1595255;178710
NORTE;2022;10;CIRUG�A GENERAL;ADESLAS;180;7951;1431180;7564;1361520;-69660
NORTE;2022;10;CIRUG�A GENERAL;SANITAS;124;9242;1146008;7744;960256;-185752
NORTE;2022;10;CIRUG�A GENERAL;CASER;124;8718;1081032;8360;1036640;-44392
NORTE;2022;11;CIRUG�A GENERAL;ADESLAS;190;9100;1729000;7821;1485990;-243010
NORTE;2022;11;CIRUG�A GENERAL;SANITAS;118;8650;1020700;8424;994032;-26668
NORTE;2022;11;CIRUG�A GENERAL;CASER;199;8884;1767916;8910;1773090;5174
NORTE;2022;12;CIRUG�A GENERAL;ADESLAS;164;8574;1406136;8168;1339552;-66584
NORTE;2022;12;CIRUG�A GENERAL;SANITAS;104;9142;950768;8542;888368;-62400
NORTE;2022;12;CIRUG�A GENERAL;CASER;190;9001;1710190;8959;1702210;-7980
NORTE;2021;1;TRAUMATOLOG�A;ADESLAS;195;8156;1590420;8723;1700985;110565
NORTE;2021;1;TRAUMATOLOG�A;SANITAS;104;8586;892944;9009;936936;43992
NORTE;2021;1;TRAUMATOLOG�A;CASER;157;9220;1447540;7780;1221460;-226080
NORTE;2021;2;TRAUMATOLOG�A;ADESLAS;200;7566;1513200;8042;1608400;95200
NORTE;2021;2;TRAUMATOLOG�A;SANITAS;130;9035;1174550;8258;1073540;-101010
NORTE;2021;2;TRAUMATOLOG�A;CASER;181;9160;1657960;8468;1532708;-125252
NORTE;2021;3;TRAUMATOLOG�A;ADESLAS;197;8747;1723159;9223;1816931;93772
NORTE;2021;3;TRAUMATOLOG�A;SANITAS;119;7610;905590;8433;1003527;97937
NORTE;2021;3;TRAUMATOLOG�A;CASER;116;8786;1019176;9051;1049916;30740
NORTE;2021;4;TRAUMATOLOG�A;ADESLAS;192;9351;1795392;8321;1597632;-197760
NORTE;2021;4;TRAUMATOLOG�A;SANITAS;188;8666;1629208;7807;1467716;-161492
NORTE;2021;4;TRAUMATOLOG�A;CASER;200;9169;1833800;8988;1797600;-36200
NORTE;2021;5;TRAUMATOLOG�A;ADESLAS;100;7989;798900;9396;939600;140700
NORTE;2021;5;TRAUMATOLOG�A;SANITAS;136;8736;1188096;7812;1062432;-125664
NORTE;2021;5;TRAUMATOLOG�A;CASER;169;8614;1455766;7656;1293864;-161902
NORTE;2021;6;TRAUMATOLOG�A;ADESLAS;134;7620;1021080;8871;1188714;167634
NORTE;2021;6;TRAUMATOLOG�A;SANITAS;200;8317;1663400;9016;1803200;139800
NORTE;2021;6;TRAUMATOLOG�A;CASER;112;8570;959840;8295;929040;-30800
NORTE;2021;7;TRAUMATOLOG�A;ADESLAS;127;7873;999871;9400;1193800;193929
NORTE;2021;7;TRAUMATOLOG�A;SANITAS;109;9500;1035500;9052;986668;-48832
NORTE;2021;7;TRAUMATOLOG�A;CASER;127;8173;1037971;8280;1051560;13589
NORTE;2021;8;TRAUMATOLOG�A;ADESLAS;165;7944;1310760;8344;1376760;66000
NORTE;2021;8;TRAUMATOLOG�A;SANITAS;158;8784;1387872;8389;1325462;-62410
NORTE;2021;8;TRAUMATOLOG�A;CASER;161;8006;1288966;9047;1456567;167601
NORTE;2021;9;TRAUMATOLOG�A;ADESLAS;182;8871;1614522;8517;1550094;-64428
NORTE;2021;9;TRAUMATOLOG�A;SANITAS;192;7500;1440000;9411;1806912;366912
NORTE;2021;9;TRAUMATOLOG�A;CASER;188;7880;1481440;8132;1528816;47376
NORTE;2021;10;TRAUMATOLOG�A;ADESLAS;169;8235;1391715;8863;1497847;106132
NORTE;2021;10;TRAUMATOLOG�A;SANITAS;171;8894;1520874;9279;1586709;65835
NORTE;2021;10;TRAUMATOLOG�A;CASER;105;9208;966840;8528;895440;-71400
NORTE;2021;11;TRAUMATOLOG�A;ADESLAS;132;8722;1151304;7949;1049268;-102036
NORTE;2021;11;TRAUMATOLOG�A;SANITAS;160;8989;1438240;8301;1328160;-110080
NORTE;2021;11;TRAUMATOLOG�A;CASER;134;7597;1017998;9296;1245664;227666
NORTE;2021;12;TRAUMATOLOG�A;ADESLAS;127;7960;1010920;8777;1114679;103759
NORTE;2021;12;TRAUMATOLOG�A;SANITAS;136;8880;1207680;8816;1198976;-8704
NORTE;2021;12;TRAUMATOLOG�A;CASER;144;8185;1178640;9418;1356192;177552
NORTE;2021;1;UROLOG�A;ADESLAS;171;7764;1327644;9225;1577475;249831
NORTE;2021;1;UROLOG�A;SANITAS;122;9034;1102148;9296;1134112;31964
NORTE;2021;1;UROLOG�A;CASER;179;7753;1387787;9151;1638029;250242
NORTE;2021;2;UROLOG�A;ADESLAS;115;8796;1011540;9215;1059725;48185
NORTE;2021;2;UROLOG�A;SANITAS;188;8139;1530132;8824;1658912;128780
NORTE;2021;2;UROLOG�A;CASER;197;9444;1860468;8769;1727493;-132975
NORTE;2021;3;UROLOG�A;ADESLAS;164;9266;1519624;7776;1275264;-244360
NORTE;2021;3;UROLOG�A;SANITAS;194;7717;1497098;9354;1814676;317578
NORTE;2021;3;UROLOG�A;CASER;104;7623;792792;9268;963872;171080
NORTE;2021;4;UROLOG�A;ADESLAS;148;9000;1332000;7529;1114292;-217708
NORTE;2021;4;UROLOG�A;SANITAS;141;8233;1160853;7882;1111362;-49491
NORTE;2021;4;UROLOG�A;CASER;111;8286;919746;8393;931623;11877
NORTE;2021;5;UROLOG�A;ADESLAS;198;8545;1691910;8225;1628550;-63360
NORTE;2021;5;UROLOG�A;SANITAS;133;8219;1093127;9104;1210832;117705
NORTE;2021;5;UROLOG�A;CASER;167;7879;1315793;9167;1530889;215096
NORTE;2021;6;UROLOG�A;ADESLAS;169;7945;1342705;8070;1363830;21125
NORTE;2021;6;UROLOG�A;SANITAS;179;7808;1397632;8453;1513087;115455
NORTE;2021;6;UROLOG�A;CASER;117;8197;959049;9398;1099566;140517
NORTE;2021;7;UROLOG�A;ADESLAS;130;9061;1177930;8659;1125670;-52260
NORTE;2021;7;UROLOG�A;SANITAS;132;7799;1029468;7867;1038444;8976
NORTE;2021;7;UROLOG�A;CASER;191;8597;1642027;9311;1778401;136374
NORTE;2021;8;UROLOG�A;ADESLAS;166;8357;1387262;7863;1305258;-82004
NORTE;2021;8;UROLOG�A;SANITAS;161;8420;1355620;7882;1269002;-86618
NORTE;2021;8;UROLOG�A;CASER;183;8906;1629798;9417;1723311;93513
NORTE;2021;9;UROLOG�A;ADESLAS;160;9124;1459840;7938;1270080;-189760
NORTE;2021;9;UROLOG�A;SANITAS;110;7509;825990;7946;874060;48070
NORTE;2021;9;UROLOG�A;CASER;142;8709;1236678;8358;1186836;-49842
NORTE;2021;10;UROLOG�A;ADESLAS;193;8376;1616568;7728;1491504;-125064
NORTE;2021;10;UROLOG�A;SANITAS;168;8806;1479408;7506;1261008;-218400
NORTE;2021;10;UROLOG�A;CASER;172;8679;1492788;8874;1526328;33540
NORTE;2021;11;UROLOG�A;ADESLAS;102;9355;954210;8589;876078;-78132
NORTE;2021;11;UROLOG�A;SANITAS;135;9068;1224180;8303;1120905;-103275
NORTE;2021;11;UROLOG�A;CASER;129;8275;1067475;7503;967887;-99588
NORTE;2021;12;UROLOG�A;ADESLAS;120;8647;1037640;8862;1063440;25800
NORTE;2021;12;UROLOG�A;SANITAS;149;8241;1227909;8048;1199152;-28757
NORTE;2021;12;UROLOG�A;CASER;178;8335;1483630;9029;1607162;123532
NORTE;2021;1;CIRUG�A GENERAL;ADESLAS;122;9382;1144604;9308;1135576;-9028
NORTE;2021;1;CIRUG�A GENERAL;SANITAS;112;8377;938224;7937;888944;-49280
NORTE;2021;1;CIRUG�A GENERAL;CASER;178;8828;1571384;7701;1370778;-200606
NORTE;2021;2;CIRUG�A GENERAL;ADESLAS;167;8786;1467262;7843;1309781;-157481
NORTE;2021;2;CIRUG�A GENERAL;SANITAS;195;8745;1705275;9185;1791075;85800
NORTE;2021;2;CIRUG�A GENERAL;CASER;147;9176;1348872;7965;1170855;-178017
NORTE;2021;3;CIRUG�A GENERAL;ADESLAS;125;7690;961250;7883;985375;24125
NORTE;2021;3;CIRUG�A GENERAL;SANITAS;197;9170;1806490;8268;1628796;-177694
NORTE;2021;3;CIRUG�A GENERAL;CASER;150;7847;1177050;8523;1278450;101400
NORTE;2021;4;CIRUG�A GENERAL;ADESLAS;172;9139;1571908;9268;1594096;22188
NORTE;2021;4;CIRUG�A GENERAL;SANITAS;118;8697;1026246;7760;915680;-110566
NORTE;2021;4;CIRUG�A GENERAL;CASER;167;9038;1509346;8998;1502666;-6680
NORTE;2021;5;CIRUG�A GENERAL;ADESLAS;142;9395;1334090;8488;1205296;-128794
NORTE;2021;5;CIRUG�A GENERAL;SANITAS;195;9018;1758510;8173;1593735;-164775
NORTE;2021;5;CIRUG�A GENERAL;CASER;172;8622;1482984;9419;1620068;137084
NORTE;2021;6;CIRUG�A GENERAL;ADESLAS;152;8144;1237888;9178;1395056;157168
NORTE;2021;6;CIRUG�A GENERAL;SANITAS;170;9158;1556860;8600;1462000;-94860
NORTE;2021;6;CIRUG�A GENERAL;CASER;121;8298;1004058;7583;917543;-86515
NORTE;2021;7;CIRUG�A GENERAL;ADESLAS;135;7970;1075950;8493;1146555;70605
NORTE;2021;7;CIRUG�A GENERAL;SANITAS;178;9191;1635998;8111;1443758;-192240
NORTE;2021;7;CIRUG�A GENERAL;CASER;146;8140;1188440;7534;1099964;-88476
NORTE;2021;8;CIRUG�A GENERAL;ADESLAS;198;7852;1554696;7629;1510542;-44154
NORTE;2021;8;CIRUG�A GENERAL;SANITAS;200;7541;1508200;9215;1843000;334800
NORTE;2021;8;CIRUG�A GENERAL;CASER;111;8575;951825;9334;1036074;84249
NORTE;2021;9;CIRUG�A GENERAL;ADESLAS;135;7846;1059210;8851;1194885;135675
NORTE;2021;9;CIRUG�A GENERAL;SANITAS;148;8559;1266732;8719;1290412;23680
NORTE;2021;9;CIRUG�A GENERAL;CASER;101;7876;795476;8921;901021;105545
NORTE;2021;10;CIRUG�A GENERAL;ADESLAS;165;9286;1532190;8908;1469820;-62370
NORTE;2021;10;CIRUG�A GENERAL;SANITAS;138;9140;1261320;8929;1232202;-29118
NORTE;2021;10;CIRUG�A GENERAL;CASER;198;8029;1589742;8266;1636668;46926
NORTE;2021;11;CIRUG�A GENERAL;ADESLAS;146;9429;1376634;7706;1125076;-251558
NORTE;2021;11;CIRUG�A GENERAL;SANITAS;170;8517;1447890;9115;1549550;101660
NORTE;2021;11;CIRUG�A GENERAL;CASER;108;9169;990252;9065;979020;-11232
NORTE;2021;12;CIRUG�A GENERAL;ADESLAS;110;8282;911020;8470;931700;20680
NORTE;2021;12;CIRUG�A GENERAL;SANITAS;122;8748;1067256;9277;1131794;64538
NORTE;2021;12;CIRUG�A GENERAL;CASER;100;7984;798400;8479;847900;49500
SUR;2023;1;TRAUMATOLOG�A;ADESLAS;195;8954;1746030;9034;1761630;15600
SUR;2023;1;TRAUMATOLOG�A;SANITAS;126;8569;1079694;7856;989856;-89838
SUR;2023;1;TRAUMATOLOG�A;CASER;192;9140;1754880;9046;1736832;-18048
SUR;2023;2;TRAUMATOLOG�A;ADESLAS;154;8834;1360436;8792;1353968;-6468
SUR;2023;2;TRAUMATOLOG�A;SANITAS;140;7542;1055880;8594;1203160;147280
SUR;2023;2;TRAUMATOLOG�A;CASER;155;9253;1434215;8203;1271465;-162750
SUR;2023;3;TRAUMATOLOG�A;ADESLAS;113;8773;991349;8519;962647;-28702
SUR;2023;3;TRAUMATOLOG�A;SANITAS;164;8515;1396460;7532;1235248;-161212
SUR;2023;3;TRAUMATOLOG�A;CASER;104;9121;948584;8355;868920;-79664
SUR;2023;4;TRAUMATOLOG�A;ADESLAS;183;8257;1511031;7760;1420080;-90951
SUR;2023;4;TRAUMATOLOG�A;SANITAS;138;7781;1073778;8362;1153956;80178
SUR;2023;4;TRAUMATOLOG�A;CASER;132;9098;1200936;8282;1093224;-107712
SUR;2023;5;TRAUMATOLOG�A;ADESLAS;172;8067;1387524;7780;1338160;-49364
SUR;2023;5;TRAUMATOLOG�A;SANITAS;147;8444;1241268;9033;1327851;86583
SUR;2023;5;TRAUMATOLOG�A;CASER;109;8993;980237;9416;1026344;46107
SUR;2023;6;TRAUMATOLOG�A;ADESLAS;179;8340;1492860;7897;1413563;-79297
SUR;2023;6;TRAUMATOLOG�A;SANITAS;175;9224;1614200;9450;1653750;39550
SUR;2023;6;TRAUMATOLOG�A;CASER;183;8900;1628700;9313;1704279;75579
SUR;2023;7;TRAUMATOLOG�A;ADESLAS;178;7845;1396410;9215;1640270;243860
SUR;2023;7;TRAUMATOLOG�A;SANITAS;111;7993;887223;9286;1030746;143523
SUR;2023;7;TRAUMATOLOG�A;CASER;122;7799;951478;7562;922564;-28914
SUR;2023;8;TRAUMATOLOG�A;ADESLAS;159;8698;1382982;9080;1443720;60738
SUR;2023;8;TRAUMATOLOG�A;SANITAS;117;9359;1095003;8703;1018251;-76752
SUR;2023;8;TRAUMATOLOG�A;CASER;155;9111;1412205;9462;1466610;54405
SUR;2023;9;TRAUMATOLOG�A;ADESLAS;177;7646;1353342;8536;1510872;157530
SUR;2023;9;TRAUMATOLOG�A;SANITAS;124;8196;1016304;7799;967076;-49228
SUR;2023;9;TRAUMATOLOG�A;CASER;127;8372;1063244;7866;998982;-64262
SUR;2023;10;TRAUMATOLOG�A;ADESLAS;122;8712;1062864;9409;1147898;85034
SUR;2023;10;TRAUMATOLOG�A;SANITAS;173;9434;1632082;8315;1438495;-193587
SUR;2023;10;TRAUMATOLOG�A;CASER;174;8881;1545294;8243;1434282;-111012
SUR;2023;11;TRAUMATOLOG�A;ADESLAS;140;8799;1231860;8632;1208480;-23380
SUR;2023;11;TRAUMATOLOG�A;SANITAS;188;7593;1427484;7909;1486892;59408
SUR;2023;11;TRAUMATOLOG�A;CASER;195;7697;1500915;9372;1827540;326625
SUR;2023;12;TRAUMATOLOG�A;ADESLAS;145;7993;1158985;7512;1089240;-69745
SUR;2023;12;TRAUMATOLOG�A;SANITAS;131;7949;1041319;9460;1239260;197941
SUR;2023;12;TRAUMATOLOG�A;CASER;189;9401;1776789;9399;1776411;-378
SUR;2023;1;UROLOG�A;ADESLAS;147;8351;1227597;7952;1168944;-58653
SUR;2023;1;UROLOG�A;SANITAS;107;8905;952835;8847;946629;-6206
SUR;2023;1;UROLOG�A;CASER;138;7734;1067292;7556;1042728;-24564
SUR;2023;2;UROLOG�A;ADESLAS;100;8804;880400;8668;866800;-13600
SUR;2023;2;UROLOG�A;SANITAS;167;9145;1527215;7679;1282393;-244822
SUR;2023;2;UROLOG�A;CASER;100;8289;828900;8915;891500;62600
SUR;2023;3;UROLOG�A;ADESLAS;132;9040;1193280;7961;1050852;-142428
SUR;2023;3;UROLOG�A;SANITAS;123;7870;968010;9354;1150542;182532
SUR;2023;3;UROLOG�A;CASER;129;8484;1094436;8147;1050963;-43473
SUR;2023;4;UROLOG�A;ADESLAS;136;7594;1032784;8091;1100376;67592
SUR;2023;4;UROLOG�A;SANITAS;117;9053;1059201;8598;1005966;-53235
SUR;2023;4;UROLOG�A;CASER;123;9050;1113150;9162;1126926;13776
SUR;2023;5;UROLOG�A;ADESLAS;141;9413;1327233;8596;1212036;-115197
SUR;2023;5;UROLOG�A;SANITAS;133;8320;1106560;9146;1216418;109858
SUR;2023;5;UROLOG�A;CASER;128;7977;1021056;9253;1184384;163328
SUR;2023;6;UROLOG�A;ADESLAS;177;9064;1604328;7994;1414938;-189390
SUR;2023;6;UROLOG�A;SANITAS;196;8607;1686972;9270;1816920;129948
SUR;2023;6;UROLOG�A;CASER;194;8776;1702544;8683;1684502;-18042
SUR;2023;7;UROLOG�A;ADESLAS;170;9348;1589160;8550;1453500;-135660
SUR;2023;7;UROLOG�A;SANITAS;173;7691;1330543;9241;1598693;268150
SUR;2023;7;UROLOG�A;CASER;129;8891;1146939;8623;1112367;-34572
SUR;2023;8;UROLOG�A;ADESLAS;103;8786;904958;8745;900735;-4223
SUR;2023;8;UROLOG�A;SANITAS;131;7652;1002412;8275;1084025;81613
SUR;2023;8;UROLOG�A;CASER;134;8969;1201846;7966;1067444;-134402
SUR;2023;9;UROLOG�A;ADESLAS;128;8861;1134208;8360;1070080;-64128
SUR;2023;9;UROLOG�A;SANITAS;152;9266;1408432;8149;1238648;-169784
SUR;2023;9;UROLOG�A;CASER;134;9397;1259198;9310;1247540;-11658
SUR;2023;10;UROLOG�A;ADESLAS;124;9069;1124556;8626;1069624;-54932
SUR;2023;10;UROLOG�A;SANITAS;154;8217;1265418;7844;1207976;-57442
SUR;2023;10;UROLOG�A;CASER;197;7614;1499958;9189;1810233;310275
SUR;2023;11;UROLOG�A;ADESLAS;150;8968;1345200;7741;1161150;-184050
SUR;2023;11;UROLOG�A;SANITAS;103;8331;858093;7982;822146;-35947
SUR;2023;11;UROLOG�A;CASER;164;7976;1308064;9265;1519460;211396
SUR;2023;12;UROLOG�A;ADESLAS;130;9478;1232140;8069;1048970;-183170
SUR;2023;12;UROLOG�A;SANITAS;141;7716;1087956;9112;1284792;196836
SUR;2023;12;UROLOG�A;CASER;161;8536;1374296;9206;1482166;107870
SUR;2023;1;CIRUG�A GENERAL;ADESLAS;161;7561;1217321;8040;1294440;77119
SUR;2023;1;CIRUG�A GENERAL;SANITAS;102;8356;852312;8141;830382;-21930
SUR;2023;1;CIRUG�A GENERAL;CASER;172;7834;1347448;9293;1598396;250948
SUR;2023;2;CIRUG�A GENERAL;ADESLAS;161;9311;1499071;9029;1453669;-45402
SUR;2023;2;CIRUG�A GENERAL;SANITAS;141;9009;1270269;8034;1132794;-137475
SUR;2023;2;CIRUG�A GENERAL;CASER;150;7822;1173300;8851;1327650;154350
SUR;2023;3;CIRUG�A GENERAL;ADESLAS;146;9241;1349186;7773;1134858;-214328
SUR;2023;3;CIRUG�A GENERAL;SANITAS;129;8411;1085019;8652;1116108;31089
SUR;2023;3;CIRUG�A GENERAL;CASER;128;8810;1127680;9143;1170304;42624
SUR;2023;4;CIRUG�A GENERAL;ADESLAS;180;9425;1696500;8603;1548540;-147960
SUR;2023;4;CIRUG�A GENERAL;SANITAS;160;8268;1322880;8013;1282080;-40800
SUR;2023;4;CIRUG�A GENERAL;CASER;155;7665;1188075;8910;1381050;192975
SUR;2023;5;CIRUG�A GENERAL;ADESLAS;128;9233;1181824;8020;1026560;-155264
SUR;2023;5;CIRUG�A GENERAL;SANITAS;181;9427;1706287;7660;1386460;-319827
SUR;2023;5;CIRUG�A GENERAL;CASER;155;8911;1381205;8225;1274875;-106330
SUR;2023;6;CIRUG�A GENERAL;ADESLAS;168;8015;1346520;8596;1444128;97608
SUR;2023;6;CIRUG�A GENERAL;SANITAS;165;9203;1518495;8155;1345575;-172920
SUR;2023;6;CIRUG�A GENERAL;CASER;177;7643;1352811;8852;1566804;213993
SUR;2023;7;CIRUG�A GENERAL;ADESLAS;163;8432;1374416;9485;1546055;171639
SUR;2023;7;CIRUG�A GENERAL;SANITAS;166;9413;1562558;9499;1576834;14276
SUR;2023;7;CIRUG�A GENERAL;CASER;137;7904;1082848;9116;1248892;166044
SUR;2023;8;CIRUG�A GENERAL;ADESLAS;149;8709;1297641;8471;1262179;-35462
SUR;2023;8;CIRUG�A GENERAL;SANITAS;171;7818;1336878;9238;1579698;242820
SUR;2023;8;CIRUG�A GENERAL;CASER;124;8928;1107072;7952;986048;-121024
SUR;2023;9;CIRUG�A GENERAL;ADESLAS;100;9415;941500;8011;801100;-140400
SUR;2023;9;CIRUG�A GENERAL;SANITAS;159;8480;1348320;8787;1397133;48813
SUR;2023;9;CIRUG�A GENERAL;CASER;180;7849;1412820;8694;1564920;152100
SUR;2023;10;CIRUG�A GENERAL;ADESLAS;190;8022;1524180;7794;1480860;-43320
SUR;2023;10;CIRUG�A GENERAL;SANITAS;111;8799;976689;8833;980463;3774
SUR;2023;10;CIRUG�A GENERAL;CASER;128;7611;974208;8553;1094784;120576
SUR;2023;11;CIRUG�A GENERAL;ADESLAS;130;8310;1080300;7791;1012830;-67470
SUR;2023;11;CIRUG�A GENERAL;SANITAS;159;8760;1392840;8807;1400313;7473
SUR;2023;11;CIRUG�A GENERAL;CASER;192;7904;1517568;8093;1553856;36288
SUR;2023;12;CIRUG�A GENERAL;ADESLAS;185;7730;1430050;9382;1735670;305620
SUR;2023;12;CIRUG�A GENERAL;SANITAS;185;7523;1391755;9116;1686460;294705
SUR;2023;12;CIRUG�A GENERAL;CASER;184;9089;1672376;8399;1545416;-126960
SUR;2022;1;TRAUMATOLOG�A;ADESLAS;125;8617;1077125;8467;1058375;-18750
SUR;2022;1;TRAUMATOLOG�A;SANITAS;185;9253;1711805;8828;1633180;-78625
SUR;2022;1;TRAUMATOLOG�A;CASER;193;8936;1724648;9275;1790075;65427
SUR;2022;2;TRAUMATOLOG�A;ADESLAS;200;9011;1802200;8854;1770800;-31400
SUR;2022;2;TRAUMATOLOG�A;SANITAS;152;8439;1282728;7738;1176176;-106552
SUR;2022;2;TRAUMATOLOG�A;CASER;182;9237;1681134;8472;1541904;-139230
SUR;2022;3;TRAUMATOLOG�A;ADESLAS;192;8362;1605504;8830;1695360;89856
SUR;2022;3;TRAUMATOLOG�A;SANITAS;139;9190;1277410;8077;1122703;-154707
SUR;2022;3;TRAUMATOLOG�A;CASER;168;8969;1506792;9065;1522920;16128
SUR;2022;4;TRAUMATOLOG�A;ADESLAS;109;9024;983616;7672;836248;-147368
SUR;2022;4;TRAUMATOLOG�A;SANITAS;158;8989;1420262;9060;1431480;11218
SUR;2022;4;TRAUMATOLOG�A;CASER;110;9481;1042910;8398;923780;-119130
SUR;2022;5;TRAUMATOLOG�A;ADESLAS;132;8834;1166088;7752;1023264;-142824
SUR;2022;5;TRAUMATOLOG�A;SANITAS;162;8607;1394334;7594;1230228;-164106
SUR;2022;5;TRAUMATOLOG�A;CASER;129;9282;1197378;8634;1113786;-83592
SUR;2022;6;TRAUMATOLOG�A;ADESLAS;112;7715;864080;9448;1058176;194096
SUR;2022;6;TRAUMATOLOG�A;SANITAS;101;7637;771337;8757;884457;113120
SUR;2022;6;TRAUMATOLOG�A;CASER;123;9022;1109706;7545;928035;-181671
SUR;2022;7;TRAUMATOLOG�A;ADESLAS;167;7925;1323475;9298;1552766;229291
SUR;2022;7;TRAUMATOLOG�A;SANITAS;117;7870;920790;7544;882648;-38142
SUR;2022;7;TRAUMATOLOG�A;CASER;189;7876;1488564;8678;1640142;151578
SUR;2022;8;TRAUMATOLOG�A;ADESLAS;200;8415;1683000;7920;1584000;-99000
SUR;2022;8;TRAUMATOLOG�A;SANITAS;172;9083;1562276;7620;1310640;-251636
SUR;2022;8;TRAUMATOLOG�A;CASER;106;9267;982302;9461;1002866;20564
SUR;2022;9;TRAUMATOLOG�A;ADESLAS;161;9054;1457694;8095;1303295;-154399
SUR;2022;9;TRAUMATOLOG�A;SANITAS;105;7817;820785;8621;905205;84420
SUR;2022;9;TRAUMATOLOG�A;CASER;165;7600;1254000;7547;1245255;-8745
SUR;2022;10;TRAUMATOLOG�A;ADESLAS;176;8632;1519232;8008;1409408;-109824
SUR;2022;10;TRAUMATOLOG�A;SANITAS;109;9327;1016643;7881;859029;-157614
SUR;2022;10;TRAUMATOLOG�A;CASER;163;7933;1293079;8646;1409298;116219
SUR;2022;11;TRAUMATOLOG�A;ADESLAS;118;7813;921934;8249;973382;51448
SUR;2022;11;TRAUMATOLOG�A;SANITAS;183;7866;1439478;9156;1675548;236070
SUR;2022;11;TRAUMATOLOG�A;CASER;197;8780;1729660;8887;1750739;21079
SUR;2022;12;TRAUMATOLOG�A;ADESLAS;183;9098;1664934;8302;1519266;-145668
SUR;2022;12;TRAUMATOLOG�A;SANITAS;105;7812;820260;8148;855540;35280
SUR;2022;12;TRAUMATOLOG�A;CASER;196;8364;1639344;9221;1807316;167972
SUR;2022;1;UROLOG�A;ADESLAS;144;8728;1256832;7551;1087344;-169488
SUR;2022;1;UROLOG�A;SANITAS;159;8606;1368354;7585;1206015;-162339
SUR;2022;1;UROLOG�A;CASER;142;8538;1212396;7969;1131598;-80798
SUR;2022;2;UROLOG�A;ADESLAS;141;8308;1171428;9047;1275627;104199
SUR;2022;2;UROLOG�A;SANITAS;180;8748;1574640;8182;1472760;-101880
SUR;2022;2;UROLOG�A;CASER;199;8154;1622646;8213;1634387;11741
SUR;2022;3;UROLOG�A;ADESLAS;163;7659;1248417;9014;1469282;220865
SUR;2022;3;UROLOG�A;SANITAS;123;7968;980064;8945;1100235;120171
SUR;2022;3;UROLOG�A;CASER;150;8324;1248600;7716;1157400;-91200
SUR;2022;4;UROLOG�A;ADESLAS;197;8768;1727296;9199;1812203;84907
SUR;2022;4;UROLOG�A;SANITAS;156;8620;1344720;8307;1295892;-48828
SUR;2022;4;UROLOG�A;CASER;135;8499;1147365;9060;1223100;75735
SUR;2022;5;UROLOG�A;ADESLAS;106;8147;863582;8561;907466;43884
SUR;2022;5;UROLOG�A;SANITAS;117;8361;978237;8597;1005849;27612
SUR;2022;5;UROLOG�A;CASER;118;9183;1083594;7874;929132;-154462
SUR;2022;6;UROLOG�A;ADESLAS;148;9361;1385428;7636;1130128;-255300
SUR;2022;6;UROLOG�A;SANITAS;113;8047;909311;7812;882756;-26555
SUR;2022;6;UROLOG�A;CASER;199;7574;1507226;7953;1582647;75421
SUR;2022;7;UROLOG�A;ADESLAS;100;8499;849900;8697;869700;19800
SUR;2022;7;UROLOG�A;SANITAS;143;8940;1278420;7973;1140139;-138281
SUR;2022;7;UROLOG�A;CASER;154;8173;1258642;9286;1430044;171402
SUR;2022;8;UROLOG�A;ADESLAS;170;7821;1329570;8271;1406070;76500
SUR;2022;8;UROLOG�A;SANITAS;184;9158;1685072;8566;1576144;-108928
SUR;2022;8;UROLOG�A;CASER;197;7667;1510399;8927;1758619;248220
SUR;2022;9;UROLOG�A;ADESLAS;158;8315;1313770;8249;1303342;-10428
SUR;2022;9;UROLOG�A;SANITAS;104;7879;819416;9418;979472;160056
SUR;2022;9;UROLOG�A;CASER;192;8137;1562304;8768;1683456;121152
SUR;2022;10;UROLOG�A;ADESLAS;132;9396;1240272;7839;1034748;-205524
SUR;2022;10;UROLOG�A;SANITAS;193;9044;1745492;9203;1776179;30687
SUR;2022;10;UROLOG�A;CASER;196;8476;1661296;7729;1514884;-146412
SUR;2022;11;UROLOG�A;ADESLAS;173;7888;1364624;9258;1601634;237010
SUR;2022;11;UROLOG�A;SANITAS;115;7871;905165;8517;979455;74290
SUR;2022;11;UROLOG�A;CASER;107;8763;937641;8835;945345;7704
SUR;2022;12;UROLOG�A;ADESLAS;176;7590;1335840;8609;1515184;179344
SUR;2022;12;UROLOG�A;SANITAS;168;9027;1516536;8940;1501920;-14616
SUR;2022;12;UROLOG�A;CASER;158;9135;1443330;8206;1296548;-146782
SUR;2022;1;CIRUG�A GENERAL;ADESLAS;114;8324;948936;9354;1066356;117420
SUR;2022;1;CIRUG�A GENERAL;SANITAS;195;9383;1829685;8212;1601340;-228345
SUR;2022;1;CIRUG�A GENERAL;CASER;148;7539;1115772;7944;1175712;59940
SUR;2022;2;CIRUG�A GENERAL;ADESLAS;153;8420;1288260;8814;1348542;60282
SUR;2022;2;CIRUG�A GENERAL;SANITAS;143;7938;1135134;9319;1332617;197483
SUR;2022;2;CIRUG�A GENERAL;CASER;184;9205;1693720;9329;1716536;22816
SUR;2022;3;CIRUG�A GENERAL;ADESLAS;185;7772;1437820;7508;1388980;-48840
SUR;2022;3;CIRUG�A GENERAL;SANITAS;193;7701;1486293;8767;1692031;205738
SUR;2022;3;CIRUG�A GENERAL;CASER;108;8395;906660;8370;903960;-2700
SUR;2022;4;CIRUG�A GENERAL;ADESLAS;131;8703;1140093;8620;1129220;-10873
SUR;2022;4;CIRUG�A GENERAL;SANITAS;188;8735;1642180;8902;1673576;31396
SUR;2022;4;CIRUG�A GENERAL;CASER;113;8581;969653;9376;1059488;89835
SUR;2022;5;CIRUG�A GENERAL;ADESLAS;113;8514;962082;7827;884451;-77631
SUR;2022;5;CIRUG�A GENERAL;SANITAS;136;8563;1164568;9078;1234608;70040
SUR;2022;5;CIRUG�A GENERAL;CASER;200;8027;1605400;7830;1566000;-39400
SUR;2022;6;CIRUG�A GENERAL;ADESLAS;122;9322;1137284;8185;998570;-138714
SUR;2022;6;CIRUG�A GENERAL;SANITAS;170;8079;1373430;8275;1406750;33320
SUR;2022;6;CIRUG�A GENERAL;CASER;195;8523;1661985;8984;1751880;89895
SUR;2022;7;CIRUG�A GENERAL;ADESLAS;133;9145;1216285;9060;1204980;-11305
SUR;2022;7;CIRUG�A GENERAL;SANITAS;108;8009;864972;8219;887652;22680
SUR;2022;7;CIRUG�A GENERAL;CASER;123;7752;953496;8541;1050543;97047
SUR;2022;8;CIRUG�A GENERAL;ADESLAS;168;8325;1398600;8650;1453200;54600
SUR;2022;8;CIRUG�A GENERAL;SANITAS;119;7823;930937;9420;1120980;190043
SUR;2022;8;CIRUG�A GENERAL;CASER;162;7945;1287090;9207;1491534;204444
SUR;2022;9;CIRUG�A GENERAL;ADESLAS;122;8116;990152;8134;992348;2196
SUR;2022;9;CIRUG�A GENERAL;SANITAS;158;9362;1479196;9347;1476826;-2370
SUR;2022;9;CIRUG�A GENERAL;CASER;116;7682;891112;9266;1074856;183744
SUR;2022;10;CIRUG�A GENERAL;ADESLAS;200;9150;1830000;7513;1502600;-327400
SUR;2022;10;CIRUG�A GENERAL;SANITAS;180;9308;1675440;9003;1620540;-54900
SUR;2022;10;CIRUG�A GENERAL;CASER;103;9487;977161;8219;846557;-130604
SUR;2022;11;CIRUG�A GENERAL;ADESLAS;101;8019;809919;8752;883952;74033
SUR;2022;11;CIRUG�A GENERAL;SANITAS;169;9195;1553955;8930;1509170;-44785
SUR;2022;11;CIRUG�A GENERAL;CASER;197;8538;1681986;8778;1729266;47280
SUR;2022;12;CIRUG�A GENERAL;ADESLAS;147;9257;1360779;8961;1317267;-43512
SUR;2022;12;CIRUG�A GENERAL;SANITAS;130;8232;1070160;8456;1099280;29120
SUR;2022;12;CIRUG�A GENERAL;CASER;162;9119;1477278;7999;1295838;-181440
SUR;2021;1;TRAUMATOLOG�A;ADESLAS;114;9202;1049028;8321;948594;-100434
SUR;2021;1;TRAUMATOLOG�A;SANITAS;174;8637;1502838;8640;1503360;522
SUR;2021;1;TRAUMATOLOG�A;CASER;152;9467;1438984;8999;1367848;-71136
SUR;2021;2;TRAUMATOLOG�A;ADESLAS;146;9127;1332542;8858;1293268;-39274
SUR;2021;2;TRAUMATOLOG�A;SANITAS;113;9334;1054742;9348;1056324;1582
SUR;2021;2;TRAUMATOLOG�A;CASER;100;8665;866500;9055;905500;39000
SUR;2021;3;TRAUMATOLOG�A;ADESLAS;171;9137;1562427;7661;1310031;-252396
SUR;2021;3;TRAUMATOLOG�A;SANITAS;181;7868;1424108;8435;1526735;102627
SUR;2021;3;TRAUMATOLOG�A;CASER;157;9116;1431212;9418;1478626;47414
SUR;2021;4;TRAUMATOLOG�A;ADESLAS;154;8675;1335950;7514;1157156;-178794
SUR;2021;4;TRAUMATOLOG�A;SANITAS;167;8308;1387436;8564;1430188;42752
SUR;2021;4;TRAUMATOLOG�A;CASER;160;7621;1219360;7717;1234720;15360
SUR;2021;5;TRAUMATOLOG�A;ADESLAS;118;8112;957216;7739;913202;-44014
SUR;2021;5;TRAUMATOLOG�A;SANITAS;184;8468;1558112;8070;1484880;-73232
SUR;2021;5;TRAUMATOLOG�A;CASER;173;8598;1487454;9125;1578625;91171
SUR;2021;6;TRAUMATOLOG�A;ADESLAS;147;8504;1250088;7646;1123962;-126126
SUR;2021;6;TRAUMATOLOG�A;SANITAS;165;9204;1518660;7957;1312905;-205755
SUR;2021;6;TRAUMATOLOG�A;CASER;138;8454;1166652;9405;1297890;131238
SUR;2021;7;TRAUMATOLOG�A;ADESLAS;107;8311;889277;9291;994137;104860
SUR;2021;7;TRAUMATOLOG�A;SANITAS;151;8305;1254055;8636;1304036;49981
SUR;2021;7;TRAUMATOLOG�A;CASER;139;8568;1190952;8250;1146750;-44202
SUR;2021;8;TRAUMATOLOG�A;ADESLAS;189;7657;1447173;7683;1452087;4914
SUR;2021;8;TRAUMATOLOG�A;SANITAS;170;8306;1412020;9245;1571650;159630
SUR;2021;8;TRAUMATOLOG�A;CASER;121;9311;1126631;8362;1011802;-114829
SUR;2021;9;TRAUMATOLOG�A;ADESLAS;129;8231;1061799;7593;979497;-82302
SUR;2021;9;TRAUMATOLOG�A;SANITAS;172;8411;1446692;9168;1576896;130204
SUR;2021;9;TRAUMATOLOG�A;CASER;130;9361;1216930;7976;1036880;-180050
SUR;2021;10;TRAUMATOLOG�A;ADESLAS;123;9314;1145622;8039;988797;-156825
SUR;2021;10;TRAUMATOLOG�A;SANITAS;156;9017;1406652;8961;1397916;-8736
SUR;2021;10;TRAUMATOLOG�A;CASER;148;9376;1387648;8260;1222480;-165168
SUR;2021;11;TRAUMATOLOG�A;ADESLAS;189;9409;1778301;7594;1435266;-343035
SUR;2021;11;TRAUMATOLOG�A;SANITAS;108;8393;906444;8960;967680;61236
SUR;2021;11;TRAUMATOLOG�A;CASER;134;8138;1090492;8107;1086338;-4154
SUR;2021;12;TRAUMATOLOG�A;ADESLAS;194;9091;1763654;8950;1736300;-27354
SUR;2021;12;TRAUMATOLOG�A;SANITAS;131;8431;1104461;7946;1040926;-63535
SUR;2021;12;TRAUMATOLOG�A;CASER;180;7544;1357920;8884;1599120;241200
SUR;2021;1;UROLOG�A;ADESLAS;199;9415;1873585;8761;1743439;-130146
SUR;2021;1;UROLOG�A;SANITAS;118;8283;977394;8998;1061764;84370
SUR;2021;1;UROLOG�A;CASER;128;7613;974464;9262;1185536;211072
SUR;2021;2;UROLOG�A;ADESLAS;145;9354;1356330;8318;1206110;-150220
SUR;2021;2;UROLOG�A;SANITAS;166;8919;1480554;9222;1530852;50298
SUR;2021;2;UROLOG�A;CASER;171;8565;1464615;8731;1493001;28386
SUR;2021;3;UROLOG�A;ADESLAS;197;8001;1576197;8862;1745814;169617
SUR;2021;3;UROLOG�A;SANITAS;108;9376;1012608;7588;819504;-193104
SUR;2021;3;UROLOG�A;CASER;154;7939;1222606;8025;1235850;13244
SUR;2021;4;UROLOG�A;ADESLAS;123;7901;971823;7644;940212;-31611
SUR;2021;4;UROLOG�A;SANITAS;136;9089;1236104;8874;1206864;-29240
SUR;2021;4;UROLOG�A;CASER;114;8237;939018;8229;938106;-912
SUR;2021;5;UROLOG�A;ADESLAS;175;9145;1600375;8533;1493275;-107100
SUR;2021;5;UROLOG�A;SANITAS;190;7597;1443430;7821;1485990;42560
SUR;2021;5;UROLOG�A;CASER;189;7887;1490643;9163;1731807;241164
SUR;2021;6;UROLOG�A;ADESLAS;186;8539;1588254;8872;1650192;61938
SUR;2021;6;UROLOG�A;SANITAS;167;7928;1323976;7735;1291745;-32231
SUR;2021;6;UROLOG�A;CASER;119;9301;1106819;8437;1004003;-102816
SUR;2021;7;UROLOG�A;ADESLAS;158;8903;1406674;8751;1382658;-24016
SUR;2021;7;UROLOG�A;SANITAS;139;9435;1311465;8235;1144665;-166800
SUR;2021;7;UROLOG�A;CASER;113;8056;910328;8191;925583;15255
SUR;2021;8;UROLOG�A;ADESLAS;174;9057;1575918;8583;1493442;-82476
SUR;2021;8;UROLOG�A;SANITAS;115;9052;1040980;7963;915745;-125235
SUR;2021;8;UROLOG�A;CASER;146;8003;1168438;8062;1177052;8614
SUR;2021;9;UROLOG�A;ADESLAS;146;8480;1238080;7521;1098066;-140014
SUR;2021;9;UROLOG�A;SANITAS;133;7924;1053892;9471;1259643;205751
SUR;2021;9;UROLOG�A;CASER;144;8677;1249488;9437;1358928;109440
SUR;2021;10;UROLOG�A;ADESLAS;109;9241;1007269;9232;1006288;-981
SUR;2021;10;UROLOG�A;SANITAS;169;7599;1284231;8255;1395095;110864
SUR;2021;10;UROLOG�A;CASER;106;8073;855738;8711;923366;67628
SUR;2021;11;UROLOG�A;ADESLAS;121;8682;1050522;8996;1088516;37994
SUR;2021;11;UROLOG�A;SANITAS;182;7933;1443806;8912;1621984;178178
SUR;2021;11;UROLOG�A;CASER;145;8896;1289920;9172;1329940;40020
SUR;2021;12;UROLOG�A;ADESLAS;102;8977;915654;8242;840684;-74970
SUR;2021;12;UROLOG�A;SANITAS;128;8848;1132544;7706;986368;-146176
SUR;2021;12;UROLOG�A;CASER;200;9405;1881000;9360;1872000;-9000
SUR;2021;1;CIRUG�A GENERAL;ADESLAS;177;7788;1378476;8936;1581672;203196
SUR;2021;1;CIRUG�A GENERAL;SANITAS;112;8944;1001728;9014;1009568;7840
SUR;2021;1;CIRUG�A GENERAL;CASER;193;8039;1551527;8162;1575266;23739
SUR;2021;2;CIRUG�A GENERAL;ADESLAS;113;8426;952138;9140;1032820;80682
SUR;2021;2;CIRUG�A GENERAL;SANITAS;194;8491;1647254;7522;1459268;-187986
SUR;2021;2;CIRUG�A GENERAL;CASER;179;8153;1459387;8575;1534925;75538
SUR;2021;3;CIRUG�A GENERAL;ADESLAS;153;8149;1246797;7635;1168155;-78642
SUR;2021;3;CIRUG�A GENERAL;SANITAS;110;8815;969650;9296;1022560;52910
SUR;2021;3;CIRUG�A GENERAL;CASER;171;8265;1413315;8923;1525833;112518
SUR;2021;4;CIRUG�A GENERAL;ADESLAS;129;8901;1148229;8193;1056897;-91332
SUR;2021;4;CIRUG�A GENERAL;SANITAS;105;7780;816900;7893;828765;11865
SUR;2021;4;CIRUG�A GENERAL;CASER;159;9432;1499688;8466;1346094;-153594
SUR;2021;5;CIRUG�A GENERAL;ADESLAS;109;8274;901866;9176;1000184;98318
SUR;2021;5;CIRUG�A GENERAL;SANITAS;194;7746;1502724;9339;1811766;309042
SUR;2021;5;CIRUG�A GENERAL;CASER;182;9488;1726816;8306;1511692;-215124
SUR;2021;6;CIRUG�A GENERAL;ADESLAS;163;8311;1354693;7813;1273519;-81174
SUR;2021;6;CIRUG�A GENERAL;SANITAS;179;8376;1499304;9460;1693340;194036
SUR;2021;6;CIRUG�A GENERAL;CASER;105;7787;817635;8634;906570;88935
SUR;2021;7;CIRUG�A GENERAL;ADESLAS;200;7526;1505200;7974;1594800;89600
SUR;2021;7;CIRUG�A GENERAL;SANITAS;123;7549;928527;7817;961491;32964
SUR;2021;7;CIRUG�A GENERAL;CASER;135;8556;1155060;7699;1039365;-115695
SUR;2021;8;CIRUG�A GENERAL;ADESLAS;185;8932;1652420;8151;1507935;-144485
SUR;2021;8;CIRUG�A GENERAL;SANITAS;187;9375;1753125;9277;1734799;-18326
SUR;2021;8;CIRUG�A GENERAL;CASER;144;8802;1267488;8328;1199232;-68256
SUR;2021;9;CIRUG�A GENERAL;ADESLAS;159;8152;1296168;7839;1246401;-49767
SUR;2021;9;CIRUG�A GENERAL;SANITAS;150;8390;1258500;7942;1191300;-67200
SUR;2021;9;CIRUG�A GENERAL;CASER;182;7830;1425060;9067;1650194;225134
SUR;2021;10;CIRUG�A GENERAL;ADESLAS;182;8296;1509872;8255;1502410;-7462
SUR;2021;10;CIRUG�A GENERAL;SANITAS;149;9287;1383763;9423;1404027;20264
SUR;2021;10;CIRUG�A GENERAL;CASER;139;8356;1161484;8336;1158704;-2780
SUR;2021;11;CIRUG�A GENERAL;ADESLAS;114;9378;1069092;7980;909720;-159372
SUR;2021;11;CIRUG�A GENERAL;SANITAS;132;8896;1174272;8222;1085304;-88968
SUR;2021;11;CIRUG�A GENERAL;CASER;101;8608;869408;8250;833250;-36158
SUR;2021;12;CIRUG�A GENERAL;ADESLAS;103;8728;898984;8736;899808;824
SUR;2021;12;CIRUG�A GENERAL;SANITAS;103;8990;925970;7529;775487;-150483
SUR;2021;12;CIRUG�A GENERAL;CASER;122;7732;943304;7653;933666;-9638
